Dataset,File Size (MB),Read Time (s),Write Time (s)
CSV 1x,28.210209846496582,0.12092018127441406,0.7875149250030518
Parquet 1x,8.058712005615234,0.03884577751159668,0.5175769329071045
CSV 10x,282.10178089141846,1.225937843322754,8.353218078613281
Parquet 10x,75.9773759841919,0.24099493026733398,4.770647764205933
CSV 100x,2821.017491340637,14.888338804244995,78.98857021331787
Parquet 100x,758.1299924850464,2.2199528217315674,47.89965581893921
