Library,Load Time (s)
Pandas,0.028538942337036133
Polars,0.015916109085083008
